COUNTRY;NOM;PRENOM;ADDRESS
AUSTRALIA;EN ATTENTE;;
AUSTRIA;EN ATTENTE;;
AUSTRIA;EN ATTENTE;;
AUSTRIA;EN ATTENTE;;
AUSTRIA;EN ATTENTE;;
BELGIUM;EN ATTENTE;;
BRAZIL;EN ATTENTE;;
BRAZIL;EN ATTENTE;;
BRAZIL;EN ATTENTE;;
BRAZIL;EN ATTENTE;;
BRAZIL;EN ATTENTE;;
BRAZIL;EN ATTENTE;;
BRAZIL;EN ATTENTE;;
BRAZIL;EN ATTENTE;;
BRAZIL;EN ATTENTE;;
CANADA;EN ATTENTE;;
CANADA;EN ATTENTE;;
CANADA;EN ATTENTE;;
CANADA;EN ATTENTE;;
GERMANY;EN ATTENTE;;
GERMANY;EN ATTENTE;;
GERMANY;EN ATTENTE;;
GERMANY;EN ATTENTE;;
GERMANY;EN ATTENTE;;
GERMANY;EN ATTENTE;;
GERMANY;EN ATTENTE;;
GERMANY;EN ATTENTE;;
GERMANY;EN ATTENTE;;
GERMANY;EN ATTENTE;;
GERMANY;EN ATTENTE;;
GERMANY;EN ATTENTE;;
GERMANY;EN ATTENTE;;
GERMANY;EN ATTENTE;;
hongkong;EN ATTENTE;;
hongkong;EN ATTENTE;;
hongkong;EN ATTENTE;;
INDIA;EN ATTENTE;;
INDIA;EN ATTENTE;;
INDIA;EN ATTENTE;;
INDIA;EN ATTENTE;;
INDIA;EN ATTENTE;;
INDIA;EN ATTENTE;;
INDIA;EN ATTENTE;;
ITALY;EN ATTENTE;;
ITALY;EN ATTENTE;;
ITALY;EN ATTENTE;;
ITALY;EN ATTENTE;;
ITALY;EN ATTENTE;;
ITALY;EN ATTENTE;;
ITALY;EN ATTENTE;;
ITALY;EN ATTENTE;;
ITALY;EN ATTENTE;;
ITALY;EN ATTENTE;;
ITALY;EN ATTENTE;;
ITALY;EN ATTENTE;;
ITALY;EN ATTENTE;;
ITALY;EN ATTENTE;;
saudiarabia;EN ATTENTE;;
saudiarabia;EN ATTENTE;;
saudiarabia;EN ATTENTE;;
saudiarabia;EN ATTENTE;;
MEXICO;EN ATTENTE;;
MEXICO;EN ATTENTE;;
MEXICO;EN ATTENTE;;
NETHERLANDS;EN ATTENTE;;
NORWAY;EN ATTENTE;;
NORWAY;EN ATTENTE;;
NORWAY;EN ATTENTE;;
POLAND;EN ATTENTE;;
POLAND;EN ATTENTE;;
PORTUGAL;EN ATTENTE;;
PORTUGAL;EN ATTENTE;;
QATAR;EN ATTENTE;;
QATAR;EN ATTENTE;;
QATAR;EN ATTENTE;;
ROMANIA;EN ATTENTE;;
ROMANIA;EN ATTENTE;;
southafrica;EN ATTENTE;;
southafrica;;;
SINGAPORE;EN ATTENTE;;
SINGAPORE;EN ATTENTE;;
SINGAPORE;EN ATTENTE;;
SPAIN;EN ATTENTE;;
SPAIN;EN ATTENTE;;
SPAIN;EN ATTENTE;;
UAE;EN ATTENTE;;
UAE;EN ATTENTE;;
UAE;EN ATTENTE;;
UAE;EN ATTENTE;;

